Tiempo (ms);√Ångulo 1
9;59,0289611816406
42;59,9823265075684
75;61,2374534606934
108;63,0049247741699
142;65,3887710571289
175;68,4136657714844
209;72,0561218261719
242;76,2601776123047
275;80,9452514648438
308;86,0063171386719
342;91,3091125488281
375;96,6965484619141
409;102,005065917969
442;107,075996398926
475;111,767578125
508;115,973320007324
542;119,630928039551
575;122,71321105957
608;125,211273193359
642;127,12109375
675;128,437957763672
708;129,157516479492
742;129,278930664063
775;128,804000854492
808;127,73429107666
842;126,071426391602
875;123,818748474121
908;120,983238220215
941;117,581489562988
975;113,647155761719
1008;109,237167358398
1041;104,43822479248
1075;99,3696365356445
1108;94,1736145019531
1141;88,9975433349609
1175;83,9822311401367
1208;79,2546615600586
1241;74,9189910888672
1275;71,0517120361328
1308;67,7033996582031
1341;64,90185546875
1375;62,6587333679199
1408;60,9790191650391
1441;59,8651390075684
1475;59,3177833557129
1508;59,3370094299316
1541;59,923225402832
1575;61,0792121887207
1608;62,8108825683594
1641;65,1248016357422
1675;68,0241394042969
1708;71,5007781982422
1741;75,5246429443359
1775;80,0366592407227
1808;84,9418869018555
1841;90,1067962646484
1874;95,3731536865234
1908;100,580253601074
1941;105,577743530273
1974;110,232803344727
2008;114,441352844238
2041;118,134101867676
2074;121,271308898926
2108;123,834907531738
2141;125,821128845215
2174;127,231384277344
2208;128,065078735352
2241;128,318237304688
2274;127,987060546875
2308;127,071556091309
2341;125,575210571289
2374;123,502922058105
2408;120,862533569336
2441;117,670310974121
2474;113,955169677734
2508;109,762901306152
2541;105,165771484375
2574;100,269340515137
2608;95,2059936523438
2641;90,1219024658203
2674;85,1633682250977
2708;80,4636535644531
2741;76,1325912475586
2774;72,2497787475586
2807;68,8651809692383
2841;66,0063323974609
2874;63,6860084533691
2907;61,9111213684082
2941;60,6885604858398
2974;60,023681640625
3008;59,9195899963379
3041;60,3791732788086
3074;61,4050331115723
3107;63,0007095336914
3141;65,1731567382813
3174;67,9281158447266
3207;71,2561340332031
3241;75,1210403442383
3274;79,4583358764648
3307;84,179069519043
3341;89,17041015625
3374;94,2924499511719
3407;99,3864822387695
3441;104,299423217773
3474;108,904357910156
3507;113,104179382324
3541;116,82592010498
3574;120,017311096191
3607;122,647468566895
3641;124,70475769043
3674;126,188697814941
3707;127,103057861328
3741;127,452941894531
3774;127,24104309082
3807;126,465873718262
3840;125,125663757324
3874;123,222442626953
3907;120,764366149902
3940;117,766654968262
3974;114,252243041992
4007;110,25927734375
4040;105,85375213623
4074;101,133087158203
4107;96,219352722168
4140;91,2497940063477
4174;86,3657608032227
4207;81,6998672485352
4240;77,3639984130859
4274;73,4427261352539
4307;69,9934997558594
4340;67,0522308349609
4374;64,6416015625
4407;62,7752723693848
4440;61,4597015380859
4473;60,6978607177734
4507;60,4913330078125
4540;60,8422737121582
4574;61,7549514770508
4607;63,2332611083984
4640;65,2787780761719
4674;67,8903579711914
4707;71,0587921142578
4740;74,7573318481445
4774;78,9324264526367
4807;83,5000457763672
4840;88,3496780395508
4874;93,3504943847656
4907;98,3565292358398
4940;103,216247558594
4973;107,789909362793
5007;111,967132568359
5040;115,673240661621
5073;118,86450958252
5107;121,519157409668
5140;123,627883911133
5173;125,186958312988
5207;126,194549560547
5240;126,64924621582
5273;126,549728393555
5307;125,894500732422
5340;124,683639526367
5373;122,921318054199
5407;120,614791870117
5440;117,775382995605
5473;114,424179077148
5507;110,599006652832
5540;106,362640380859
5573;101,806587219238
5606;97,043701171875
5640;92,1988830566406
5673;87,4051208496094
5707;82,7954254150391
5740;78,4852066040039
5773;74,5596237182617
5806;71,0765380859375
5840;68,0764846801758
5873;65,588508605957
5906;63,6329040527344
5940;62,222599029541
5973;61,364200592041
6006;61,0605049133301
6040;61,312744140625
6073;62,1211242675781
6106;63,4854202270508
6140;65,4051895141602
6173;67,8782272338867
6206;70,897819519043
6240;74,4441299438477
6273;78,4702072143555
6306;82,8961715698242
6340;87,612434387207
6373;92,4844284057617
6406;97,3639373779297
6440;102,109176635742
6473;106,599311828613
6506;110,735702514648
6540;114,440414428711
6573;117,65828704834
6606;120,356498718262
6639;122,519424438477
6673;124,141296386719
6706;125,221481323242
6739;125,762168884277
6773;125,764625549316
6806;125,22590637207
6839;124,141418457031
6873;122,510711669922
6906;120,342781066895
6939;117,657112121582
6973;114,479606628418
7006;110,843055725098
7039;106,796058654785
7073;102,410636901855
7106;97,7855758666992
7139;93,0443649291992
7173;88,3231582641602
7206;83,7548522949219
7239;79,4556045532227
7272;75,5179672241211
7306;72,0119018554688
7339;68,9856262207031
7373;66,4652938842773
7406;64,4612426757813
7439;62,9797248840332
7472;62,0308151245117
7506;61,6265983581543
7539;61,7755088806152
7572;62,4817047119141
7606;63,7474517822266
7639;65,5713043212891
7672;67,9440383911133
7706;70,8497314453125
7739;74,2651062011719
7772;78,1494064331055
7806;82,4336547851563
7839;87,0188598632813
7872;91,7804565429688
7906;96,5773696899414
7939;101,265747070313
7972;105,713485717773
8006;109,812950134277
8039;113,487945556641
8072;116,690574645996
8106;119,392181396484
8139;121,576332092285
8172;123,234657287598
8205;124,363349914551
8239;124,961647033691
8272;125,031478881836
8306;124,574249267578
8339;123,589469909668
8372;122,077857971191
8406;120,043785095215
8439;117,496284484863
8472;114,453430175781
8505;110,948104858398
8539;107,031448364258
8572;102,775245666504
8605;98,2757568359375
8639;93,6509857177734
8672;89,0290069580078
8706;84,5360488891602
8739;80,2862091064453
8772;76,3730392456055
8805;72,8664779663086
8839;69,8142013549805
8872;67,2453842163086
8905;65,1786956787109
8939;63,6301803588867
8972;62,613941192627
9005;62,1385765075684
9039;62,2085227966309
9072;62,8280220031738
9105;64,0007934570313
9139;65,7259750366211
9172;67,9953155517578
9205;70,7936325073242
9239;74,0955276489258
9272;77,8572616577148
9305;82,0126724243164
9339;86,4699020385742
9372;91,1092147827148
9405;95,7920455932617
9438;100,37939453125
9472;104,747657775879
9505;108,796318054199
9538;112,450157165527
9572;115,659240722656
9605;118,392356872559
9638;120,625747680664
9672;122,341293334961
9705;123,531593322754
9738;124,198318481445
9772;124,345558166504
9805;123,974792480469
9838;123,083877563477
9872;121,672538757324
9905;119,747871398926
9938;117,32307434082
9972;114,416709899902
10005;111,05818939209
10038;107,292610168457
10072;103,185218811035
10105;98,8269348144531
10138;94,3304824829102
10172;89,8152084350586
10205;85,396484375
10238;81,1834259033203
10272;77,2748565673828
10305;73,7511596679688
10338;70,6687469482422
10372;68,063606262207
10405;65,9593200683594
10438;64,3712310791016
10471;63,3080406188965
10505;62,774730682373
10538;62,7749099731445
10572;63,3114204406738
10605;64,3875045776367
10638;66,0063934326172
10671;68,1655578613281
10705;70,8499908447266
10738;74,0319595336914
10771;77,6715621948242
10805;81,7088851928711
10838;86,0536422729492
10871;90,5859680175781
10905;95,1708526611328
10938;99,6763305664063
10971;103,984390258789
11005;107,993476867676
11038;111,62117767334
11071;114,81063079834
11105;117,53018951416
11138;119,762138366699
11171;121,492874145508
11205;122,713722229004
11238;123,424644470215
11271;123,630615234375
11305;123,333366394043
11338;122,529808044434
11371;121,217651367188
11405;119,400779724121
11438;117,090400695801
11471;114,304496765137
11504;111,071479797363
11538;107,435897827148
11571;103,461120605469
11604;99,2296981811523
11638;94,841667175293
11671;90,4101638793945
11704;86,0567398071289
11738;81,8996887207031
11771;78,0363540649414
11804;74,5373840332031
11838;71,4544143676758
11871;68,8278427124023
11904;66,6888198852539
11938;65,0575942993164
11971;63,9453163146973
12004;63,3603096008301
12038;63,308406829834
12071;63,7897720336914
12104;64,8028182983398
12138;66,3478012084961
12171;68,4224166870117
12204;71,0154571533203
12238;74,1024932861328
12271;77,6424789428711
12304;81,5729904174805
12338;85,8043670654297
12371;90,2219924926758
12404;94,6996612548828
12438;99,1132507324219
12471;103,345626831055
12504;107,291961669922
12537;110,871406555176
12571;114,031478881836
12604;116,739624023438
12638;118,973167419434
12671;120,716613769531
12704;121,963096618652
12737;122,712501525879
12771;122,966316223145
12804;122,723648071289
12837;121,981399536133
12871;120,739631652832
12904;119,006278991699
12937;116,794799804688
12971;114,12068939209
13004;111,005889892578
13037;107,489227294922
13071;103,633033752441
13104;99,5194778442383
13137;95,2444000244141
13171;90,9156341552734
13204;86,6486129760742
13237;82,5536346435547
13271;78,7243881225586
13304;75,2368316650391
13337;72,1525726318359
13371;69,5182800292969
13404;67,3639678955078
13437;65,7075653076172
13470;64,5613479614258
13504;63,933780670166
13537;63,8296203613281
13571;64,2516098022461
13604;65,2011871337891
13637;66,6778030395508
13670;68,6769332885742
13704;71,1863708496094
13737;74,1822509765625
13770;77,6238861083984
13804;81,4480361938477
13837;85,569465637207
13870;89,8843460083008
13904;94,2727890014648
13937;98,6070861816406
13970;102,767601013184
14004;106,655784606934
14037;110,195472717285
14070;113,330291748047
14104;116,023948669434
14137;118,255958557129
14170;120,013023376465
14203;121,286247253418
14237;122,071365356445
14270;122,365081787109
14303;122,16478729248
14337;121,472389221191
14370;120,293548583984
14403;118,635551452637
14437;116,508003234863
14470;113,925331115723
14503;110,911911010742
14537;107,507118225098
14570;103,767700195313
14603;99,767578125
14637;95,596305847168
14670;91,3577041625977
14703;87,1655197143555
14737;83,1303405761719
14770;79,3467712402344
14803;75,891716003418
14837;72,8271865844727
14870;70,1996078491211
14903;68,0380325317383
14937;66,3580703735352
14970;65,1716842651367
15003;64,4933013916016
15037;64,3366622924805
15070;64,7094497680664
15103;65,6106262207031
15137;67,0319900512695
15170;68,9632949829102
15203;71,392578125
15237;74,2982864379883
15270;77,6421661376953
15303;81,3672409057617
15337;85,3921966552734
15370;89,6070404052734
15403;93,8871917724609
15436;98,1169128417969
15470;102,194297790527
15503;106,024436950684
15536;109,524276733398
15570;112,631896972656
15603;115,305625915527
15636;117,519889831543
15670;119,263191223145
15703;120,53296661377
15736;121,329032897949
15770;121,649971008301
15803;121,492088317871
15836;120,852508544922
15870;119,732940673828
15903;118,140426635742
15936;116,08716583252
15970;113,591384887695
16003;110,678153991699
16036;107,38111114502
16070;103,749961853027
16103;99,8575744628906
16136;95,7948684692383
16170;91,6602401733398
16203;87,5577163696289
16236;83,5955505371094
16269;79,8724594116211
16303;76,4647521972656
16336;73,4285125732422
16370;70,808708190918
16403;68,6421051025391
16436;66,9545822143555
16469;65,7609176635742
16503;65,0694122314453
16536;64,8858489990234
16569;65,215461730957
16603;66,0632019042969
16636;67,4302673339844
16669;69,3109970092773
16703;71,6920700073242
16736;74,547721862793
16769;77,8328170776367
16803;81,481315612793
16836;85,4091491699219
16869;89,5174255371094
16903;93,6968460083008
16936;97,8355941772461
16969;101,827880859375
17003;105,580192565918
17036;109,015640258789
17069;112,074249267578
17103;114,713119506836
17136;116,907974243164
17169;118,647804260254
17202;119,926498413086
17236;120,739151000977
17269;121,081031799316
17302;120,94930267334
17336;120,345611572266
17369;119,274909973145
17403;117,743019104004
17436;115,756912231445
17469;113,329696655273
17502;110,4873046875
17536;107,270248413086
17569;103,73291015625
17602;99,9424667358398
17636;95,9769134521484
17669;91,9256362915039
17702;87,8913421630859
17736;83,9835739135742
17769;80,3023834228516
17802;76,9265289306641
17836;73,9142761230469
17869;71,3105163574219
17902;69,1521682739258
17936;67,4671401977539
17969;66,2704467773438
18002;65,5677642822266
18036;65,3645858764648
18069;65,6679458618164
18102;66,4821624755859
18136;67,8072204589844
18169;69,6372451782227
18202;71,9563369750977
18236;74,7338027954102
18269;77,9239959716797
18302;81,4698715209961
18335;85,3010330200195
18369;89,3259048461914
18402;93,4327011108398
18436;97,5041427612305
18469;101,433586120605
18502;105,131004333496
18535;108,521003723145
18569;111,543098449707
18602;114,155822753906
18635;116,334899902344
18669;118,065856933594
18702;119,339401245117
18735;120,149719238281
18769;120,495300292969
18802;120,380195617676
18835;119,811241149902
18869;118,792701721191
18902;117,325889587402
18935;115,41495513916
18969;113,071815490723
19002;110,317329406738
19035;107,183395385742
19069;103,718559265137
19102;99,9922637939453
19135;96,092170715332
19169;92,1155166625977
19202;88,1622161865234
19235;84,3310775756836
19269;80,7129440307617
19302;77,3842163085938
19335;74,4066009521484
19369;71,8290634155273
19402;69,6876068115234
19435;68,0054702758789
19468;66,7967529296875
19502;66,072883605957
19535;65,8465957641602
19568;66,1292266845703
19602;66,9247360229492
19635;68,225959777832
19669;70,0166549682617
19702;72,2781600952148
19735;74,9901504516602
19768;78,118896484375
19802;81,6064834594727
19835;85,3704071044922
19868;89,3098068237305
19902;93,3166580200195
19935;97,2873229980469
19968;101,12565612793
20002;104,742233276367
20035;108,060920715332
20068;111,025276184082
20102;113,595260620117
20135;115,742515563965
20168;117,450881958008
20202;118,714126586914
20235;119,527847290039
20268;119,886993408203
20302;119,791175842285
20335;119,244476318359
20368;118,249687194824
20401;116,808502197266
20435;114,928382873535
20468;112,626640319824
20502;109,930221557617
20535;106,875839233398
20568;103,512367248535
20602;99,9026336669922
20635;96,1217346191406
20668;92,2550354003906
20701;88,3964157104492
20735;84,6423263549805
20768;81,0834121704102
20801;77,7985382080078
20835;74,8516540527344
20868;72,2927093505859
20901;70,1611175537109
20935;68,4860534667969
20968;67,2845764160156
21001;66,5656890869141
21035;66,3372192382813
21068;66,6052474975586
21101;67,3709182739258
21135;68,6325073242188
21168;70,3847885131836
21201;72,6103286743164
21235;75,2754364013672
21268;78,3351364135742
21301;81,7350616455078
21335;85,4059982299805
21368;89,2592620849609
21401;93,1901092529297
21435;97,0892028808594
21468;100,85514831543
21501;104,400650024414
21534;107,653373718262
21568;110,55704498291
21601;113,072906494141
21634;115,177780151367
21668;116,859649658203
21701;118,112060546875
21734;118,928672790527
21768;119,302505493164
21801;119,229942321777
21834;118,712211608887
21868;117,752914428711
21901;116,358406066895
21934;114,538879394531
21968;112,307670593262
22001;109,684967041016
22034;106,704231262207
22068;103,414138793945
22101;99,877067565918
22134;96,167350769043
22168;92,370735168457
22201;88,5818176269531
22234;84,8959655761719
22268;81,4004745483398
22301;78,1706314086914
22334;75,2688064575195
22368;72,7446594238281
22401;70,6362686157227
22434;68,9718627929688
22468;67,7710723876953
22501;67,0454940795898
22534;66,8010711669922
22567;67,0428466796875
22601;67,7769546508789
22634;69,0048065185547
22667;70,7158508300781
22701;72,8897247314453
22734;75,4999923706055
22767;78,5082855224609
22801;81,8573913574219
22834;85,4711456298828
22867;89,2559280395508
22901;93,106559753418
22934;96,9198760986328
22967;100,604942321777
23001;104,082038879395
23034;107,281158447266
23067;110,145072937012
23101;112,632629394531
23134;114,718521118164
23167;116,387474060059
23201;117,628150939941
23234;118,433128356934
23267;118,800468444824
23300;118,73210144043
23334;118,230834960938
23367;117,298980712891
23401;115,938461303711
23434;114,154106140137
23467;111,960670471191
23501;109,386848449707
23534;106,472351074219
23567;103,264663696289
23600;99,8191528320313
23634;96,2002410888672
23667;92,4844970703125
23700;88,7638549804688
23734;85,1394424438477
23767;81,7046203613281
23800;78,5324935913086
23834;75,6784057617188
23867;73,1891174316406
23900;71,1055145263672
23934;69,4587478637695
23967;68,2700119018555
24000;67,5542526245117
24034;67,3209075927734
24067;67,572509765625
24100;68,3064117431641
24134;69,5173492431641
24167;71,1967086791992
24200;73,3289413452148
24233;75,8878936767578
24267;78,8339614868164
24300;82,1115570068359
24333;85,6472015380859
24367;89,3506011962891
24400;93,120979309082
24433;96,8567352294922
24467;100,464233398438
24500;103,863838195801
24533;106,990982055664
24567;109,794425964355
24600;112,235382080078
24633;114,286247253418
24667;115,928047180176
24700;117,148345947266
24733;117,939758300781
24767;118,298545837402
24800;118,224143981934
24833;117,719635009766
24867;116,792434692383
24900;115,452110290527
24933;113,707374572754
24967;111,569152832031
25000;109,058868408203
25033;106,21174621582
25067;103,074523925781
25100;99,7040481567383
25133;96,168083190918
25167;92,5455474853516
25200;88,9229049682617
25233;85,3876037597656
25267;82,0238952636719
25300;78,9087219238281
25333;76,1051406860352
25366;73,6601104736328
25400;71,6095428466797
25433;69,9837341308594
25466;68,8064727783203
25500;68,0918960571289
25533;67,8475494384766
25566;68,0795288085938
25600;68,7916717529297
25633;69,9819030761719
25666;71,6408157348633
25700;73,7511825561523
25733;76,2856216430664
25766;79,2018737792969
25800;82,4381866455078
25833;85,9140472412109
25866;89,5376586914063
25900;93,2158126831055
25933;96,8600082397461
25966;100,387680053711
26000;103,721954345703
26033;106,79460144043
26066;109,54914855957
26100;111,941566467285
26133;113,942749023438
26166;115,538932800293
26200;116,725296020508
26233;117,498596191406
26266;117,854423522949
26300;117,788497924805
26333;117,299003601074
26366;116,389358520508
26399;115,070640563965
26433;113,357284545898
26466;111,260902404785
26499;108,796211242676
26533;105,99340057373
26566;102,902099609375
26599;99,5859451293945
26633;96,1141662597656
26666;92,5587387084961
26699;88,9992446899414
26733;85,5226745605469
26766;82,2144622802734
26799;79,1498336791992
26833;76,3898544311523
26866;73,9817504882813
26899;71,9618377685547
26933;70,3598098754883
26966;69,2012786865234
26999;68,5038604736328
27033;68,274040222168
27066;68,5118713378906
27099;69,2164306640625
27133;70,3864212036133
27166;72,0165863037109
27199;74,0915908813477
27233;76,5812454223633
27266;79,4404678344727
27299;82,6101608276367
27332;86,017333984375
27366;89,5769424438477
27399;93,1958312988281
27432;96,779670715332
27466;100,241058349609
27499;103,503204345703
27532;106,502067565918
27566;109,189064025879
27599;111,529518127441
27632;113,496910095215
27666;115,070327758789
27699;116,236442565918
27732;116,989952087402
27766;117,330017089844
27799;117,256454467773
27832;116,769981384277
27866;115,874885559082
27899;114,57886505127
27932;112,890846252441
27966;110,822952270508
27999;108,396949768066
28032;105,64892578125
28066;102,627799987793
28099;99,3909759521484
28132;96,0017166137695
28165;92,5281295776367
28199;89,0449676513672
28232;85,635383605957
28265;82,3854446411133
28299;79,3730545043945
28332;76,6606063842773
28365;74,2949905395508
28399;72,3126068115234
28432;70,7434005737305
28465;69,6104431152344
28499;68,9287872314453
28532;68,7076873779297
28565;68,9530487060547
28599;69,6655044555664
28632;70,8390274047852
28665;72,463508605957
28699;74,523078918457
28732;76,9879989624023
28765;79,8104019165039
28799;82,9278869628906
28832;86,2672576904297
28865;89,7461471557617
28899;93,2773666381836
28932;96,774787902832
28965;100,156387329102
28999;103,347312927246
29032;106,284889221191
29065;108,920120239258
29099;111,213684082031
29132;113,134201049805
29165;114,660873413086
29198;115,784385681152
29232;116,50373840332
29265;116,820739746094
29298;116,735595703125
29332;116,249153137207
29365;115,366485595703
29398;114,094429016113
29432;112,440071105957
29465;110,41544342041
29498;108,04280090332
29532;105,3564453125
29565;102,40153503418
29598;99,2312622070313
29632;95,9060974121094
29665;92,4949111938477
29698;89,0752258300781
29732;85,7311553955078
29765;82,54638671875
29798;79,5945587158203
29832;76,9353103637695
29865;74,616813659668
29898;72,6786422729492
29932;71,1507949829102
29965;70,0526428222656
29998;69,3966445922852
30032;69,1912460327148
30065;69,4395980834961
30098;70,141960144043
30131;71,2977523803711
30165;72,8990859985352
30198;74,9255676269531
30232;77,3453826904297
30265;80,1146774291992
30298;83,1754608154297
30331;86,4567108154297
30365;89,8773422241211
30398;93,3507614135742
30431;96,79150390625
30465;100,118423461914
30498;103,255142211914
30531;106,133964538574
30565;108,703277587891
30598;110,930725097656
30631;112,797096252441
30665;114,288444519043
30698;115,394027709961
30731;116,106437683105
30765;116,420967102051
30798;116,335266113281
30831;115,848365783691
30865;114,96231842041
30898;113,686950683594
30931;112,038726806641
30964;110,034248352051
30998;107,691070556641
31031;105,038177490234
31064;102,120780944824
31098;98,9946212768555
31131;95,7216110229492
31164;92,3718414306641
31198;89,0238418579102
31231;85,7571411132813
31264;82,6446380615234
31298;79,7520141601563
31331;77,1396484375
31364;74,8602905273438
31398;72,9547958374023
31431;71,4524993896484
31464;70,3748245239258
31498;69,7374572753906
31531;69,5497131347656
31564;69,8151321411133
31598;70,5343780517578
31631;71,7044448852539
31664;73,3132934570313
31698;75,3365325927734
31731;77,7390518188477
31764;80,4776229858398
31798;83,4994049072266
31831;86,7356643676758
31864;90,1010589599609
31897;93,5054321289063
31931;96,863151550293
31964;100,095375061035
31997;103,136207580566
32031;105,933074951172
32064;108,439361572266
32097;110,615692138672
32131;112,435661315918
32164;113,88387298584
32197;114,950469970703
32231;115,628410339355
32264;115,914169311523
32297;115,807167053223
32331;115,309387207031
32364;114,426849365234
32397;113,168838500977
32431;111,546234130859
32464;109,57258605957
32497;107,266967773438
32531;104,658630371094
32564;101,791564941406
32597;98,7223968505859
32631;95,5141677856445
32664;92,2357406616211
32697;88,9633102416992
32731;85,7753753662109
32764;82,7450637817383
32797;79,9360733032227
32830;77,4025802612305
32864;75,1911773681641
32897;73,3402557373047
32931;71,8788299560547
32964;70,8305511474609
32997;70,2176818847656
33031;70,0564422607422
33064;70,3495941162109
33097;71,0879287719727
33130;72,258659362793
33164;73,8477172851563
33197;75,835319519043
33230;78,1944046020508
33264;80,8874435424805
33297;83,8583755493164
33330;87,0321655273438
33364;90,3257293701172
33397;93,6585845947266
33430;96,9532470703125
33464;100,131477355957
33497;103,119178771973
33530;105,854965209961
33564;108,292938232422
33597;110,401161193848
33630;112,158996582031
33664;113,553176879883
33697;114,574165344238
33730;115,215347290039
33764;115,474304199219
33797;115,351005554199
33830;114,84546661377
33863;113,959373474121
33897;112,698959350586
33930;111,076477050781
33964;109,110870361328
33997;106,827507019043
34030;104,258728027344
34063;101,446548461914
34097;98,4435729980469
34130;95,3090438842773
34163;92,1049575805664
34197;88,8985366821289
34230;85,7654724121094
34263;82,7838287353516
34297;80,0227355957031
34330;77,537353515625
34363;75,3712692260742
34397;73,5611267089844
34430;72,1405181884766
34463;71,1385650634766
34497;70,5736312866211
34530;70,4503936767578
34563;70,7647094726563
34597;71,5111618041992
34630;72,6831817626953
34663;74,2664947509766
34696;76,2369232177734
34730;78,5642776489258
34763;81,2127914428711
34796;84,1342468261719
34830;87,2614822387695
34863;90,5102233886719
34896;93,7905044555664
34930;97,0192413330078
34963;100,122894287109
34996;103,034385681152
35030;105,69669342041
35063;108,068893432617
35097;110,123420715332
35130;111,838790893555
35163;113,198348999023
35196;114,191284179688
35230;114,810478210449
35263;115,051856994629
35296;114,914939880371
35330;114,400909423828
35363;113,512214660645
35396;112,256538391113
35430;110,649551391602
35463;108,712028503418
35496;106,467895507813
35530;103,946388244629
35563;101,184226989746
35596;98,2286682128906
35629;95,1394195556641
35663;91,9840927124023
35696;88,8334808349609
35729;85,7619781494141
35763;82,844596862793
35796;80,1488342285156
35829;77,7293395996094
35863;75,6272048950195
35896;73,872932434082
35929;72,4923248291016
35964;71,5113525390625
35996;70,954948425293
36029;70,8396377563477
36063;71,1670837402344
36096;71,9266815185547
36129;73,1033096313477
36163;74,6817398071289
36196;76,6442031860352
36229;78,9637832641602
36263;81,5983734130859
36296;84,4888458251953
36329;87,563606262207
36363;90,7441558837891
36396;93,9477462768555
36429;97,0939636230469
36463;100,113487243652
36496;102,948753356934
36529;105,549530029297
36562;107,871841430664
36596;109,88028717041
36629;111,54988861084
36663;112,864639282227
36696;113,815452575684
36729;114,399200439453
36762;114,615287780762
36796;114,461441040039
36829;113,93529510498
36863;113,039680480957
36896;111,785263061523
36929;110,188087463379
36962;108,267883300781
36996;106,049613952637
37029;103,564170837402
37062;100,848335266113
37096;97,9469299316406
37129;94,9162979125977
37162;91,8232955932617
37196;88,7392959594727
37229;85,7372360229492
37262;82,888671875
37296;80,2563934326172
37329;77,8916244506836
37362;75,83740234375
37396;74,1310729980469
37429;72,8038635253906
37462;71,8792037963867
37496;71,3723297119141
37529;71,2912292480469
37562;71,6374893188477
37596;72,4073181152344
37629;73,5922012329102
37662;75,1767196655273
37695;77,135856628418
37729;79,4361419677734
37762;82,0359802246094
37796;84,8813781738281
37829;87,9041900634766
37862;91,0275955200195
37895;94,171630859375
37929;97,256462097168
37962;100,211265563965
37995;102,981048583984
38029;105,520439147949
38062;107,786651611328
38095;109,74250793457
38129;111,361763000488
38162;112,63005065918
38195;113,540580749512
38229;114,088760375977
38262;114,271263122559
38295;114,086669921875
38329;113,536682128906
38362;112,627746582031
38395;111,370170593262
38429;109,776962280273
38462;107,865440368652
38495;105,66015625
38529;103,195022583008
38562;100,511810302734
38595;97,6578903198242
38628;94,6865844726563
38662;91,6577987670898
38695;88,6387710571289
38729;85,701042175293
38762;82,9129257202148
38795;80,3358688354492
38828;78,0244064331055
38862;76,0233840942383
38895;74,3671646118164
38928;73,0837707519531
38962;72,1970977783203
38995;71,7231292724609
39028;71,6683578491211
39062;72,03564453125
39095;72,8253402709961
39128;74,027702331543
39162;75,6204376220703
39195;77,5742111206055
39228;79,8544082641602
39262;82,4193496704102
39295;85,2191848754883
39328;88,1926498413086
39362;91,2653198242188
39395;94,3543090820313
39428;97,3779220581055
39462;100,267715454102
39495;102,973587036133
39528;105,454544067383
39562;107,66870880127
39595;109,576164245605
39628;111,148506164551
39662;112,372489929199
39695;113,242172241211
39728;113,75114440918
39762;113,895797729492
39795;113,680488586426
39828;113,114936828613
39861;112,20866394043
39895;110,967956542969
39928;109,398071289063
39962;107,51016998291
39995;105,328338623047
40028;102,889999389648
40061;100,240180969238
40095;97,4272766113281
40128;94,5035247802734
40161;91,5271453857422
40195;88,5631256103516
40228;85,6810073852539
40261;82,9494476318359
40295;80,4299392700195
40328;78,1748428344727
40361;76,2288284301758
40395;74,6297454833984
40428;73,405387878418
40461;72,5702133178711
40495;72,1308135986328
40528;72,0956573486328
40561;72,475341796875
40595;73,2734375
40628;74,4795532226563
40661;76,0702209472656
40694;78,013053894043
40728;80,2700576782227
40761;82,8005218505859
40794;85,5594635009766
40828;88,489387512207
40861;91,5157241821289
40894;94,5538787841797
40928;97,5227584838867
40961;100,35506439209
40994;102,99781036377
41028;105,406356811523
41061;107,542419433594
41094;109,376022338867
41128;110,886268615723
41161;112,060356140137
41194;112,890678405762
41228;113,37336730957
41261;113,507537841797
41294;113,292457580566
41328;112,726600646973
41361;111,812744140625
41394;110,561088562012
41428;108,985557556152
41461;107,102638244629
41494;104,936912536621
41527;102,524116516113
41561;99,9083480834961
41594;97,1393203735352
41627;94,2707290649414
41661;91,3578720092773
41694;88,4588851928711
41727;85,6400909423828
41761;82,9722366333008
41794;80,5175399780273
41828;78,3256759643555
41861;76,4375915527344
41894;74,8860473632813
41927;73,6963272094727
41961;72,8889846801758
41994;72,4802703857422
42028;72,4801940917969
42061;72,890983581543
42094;73,7068252563477
42127;74,9155807495117
42161;76,5005264282227
42194;78,4371719360352
42227;80,6901092529297
42261;83,2148590087891
42294;85,9570846557617
42327;88,8489151000977
42361;91,8130950927734
42394;94,772102355957
42427;97,6557159423828
42460;100,405967712402
42494;102,973983764648
42527;105,315132141113
42560;107,392112731934
42594;109,177520751953
42627;110,650260925293
42661;111,793518066406
42694;112,595291137695
42728;113,048011779785
42760;113,148513793945
42794;112,898887634277
42827;112,305603027344
42860;111,37686920166
42894;110,12247467041
42927;108,555145263672
42960;106,691291809082
42994;104,555816650391
43027;102,185035705566
43060;99,6211471557617
43094;96,9076766967773
43127;94,0917816162109
43160;91,2280654907227
43194;88,3790435791016
43227;85,6121520996094
43260;82,9964370727539
43294;80,5970458984375
43327;78,4675827026367
43360;76,6466369628906
43393;75,1598739624023
43427;74,0268478393555
43460;73,2686309814453
43494;72,9057388305664
43527;72,948127746582
43560;73,3910903930664
43594;74,2223892211914
43627;75,4314346313477
43660;77,0080032348633
43693;78,9325485229492
43727;81,1698532104492
43760;83,6690902709961
43793;86,3678359985352
43827;89,1987686157227
43860;92,0947265625
43893;94,989372253418
43927;97,8166656494141
43960;100,513168334961
43993;103,02278137207
44027;105,300354003906
44060;107,310546875
44093;109,02660369873
44127;110,431869506836
44160;111,516448974609
44193;112,271484375
44227;112,689430236816
44260;112,765808105469
44293;112,498756408691
44327;111,890609741211
44360;110,949081420898
44393;109,685195922852
44426;108,112976074219
44460;106,251678466797
44493;104,126800537109
44526;101,771255493164
44560;99,2280578613281
44593;96,5475006103516
44626;93,7795486450195
44660;90,9748764038086
44693;88,1929016113281
44726;85,5023651123047
44760;82,9705963134766
44793;80,6519775390625
44826;78,5890960693359
44860;76,8207778930664
44893;75,3818359375
44926;74,2990341186523
44960;73,5918350219727
44993;73,2731399536133
45026;73,3483047485352
45060;73,815185546875
45093;74,6665649414063
45126;75,8915557861328
45160;77,4731063842773
45193;79,3849029541016
45226;81,5929718017578
45260;84,0564651489258
45293;86,7220840454102
45326;89,5214920043945
45360;92,3794631958008
45393;95,2232131958008
45426;97,9867248535156
45459;100,612434387207
45493;103,05233001709
45526;105,267387390137
45560;107,22518157959
45593;108,897529602051
45626;110,260620117188
45660;111,297439575195
45693;112,000534057617
45726;112,369491577148
45759;112,404945373535
45793;112,107009887695
45826;111,47900390625
45859;110,528701782227
45893;109,26473236084
45926;107,697303771973
45959;105,845703125
45993;103,740646362305
46026;101,41748046875
46059;98,9135131835938
46093;96,2730255126953
46126;93,5480728149414
46159;90,7939682006836
46193;88,0685729980469
46226;85,4342727661133
46259;82,9551620483398
46293;80,6889724731445
46326;78,6806335449219
46359;76,9643173217773
46392;75,5703506469727
46426;74,5263290405273
46459;73,8548889160156
46492;73,5729293823242
46526;73,6878204345703
46559;74,1939239501953
46593;75,0777359008789
46626;76,3246765136719
46659;77,9172668457031
46692;79,829963684082
46726;82,0289993286133
46759;84,4732437133789
46792;87,1108016967773
46827;89,8756256103516
46859;92,6909866333008
46892;95,4804306030273
46926;98,1794891357422
46959;100,737869262695
46992;103,112831115723
47026;105,264663696289
47059;107,159004211426
47092;108,769485473633
47126;110,077743530273
47159;111,07080078125
47192;111,738510131836
47226;112,076042175293
47259;112,085166931152
47292;111,768257141113
47326;111,125022888184
47359;110,158279418945
47392;108,878730773926
47426;107,304222106934
47459;105,458656311035
47492;103,370903015137
47525;101,072647094727
47559;98,600715637207
47592;96,0009078979492
47625;93,325309753418
47659;90,6277084350586
47692;87,9634857177734
47725;85,3915405273438
47759;82,9730606079102
47792;80,7652435302734
47825;78,8152313232422
47859;77,1593475341797
47892;75,8273773193359
47925;74,8454818725586
47959;74,2328720092773
47992;73,9988861083984
48025;74,1454772949219
48059;74,6701202392578
48092;75,5669174194336
48125;76,8263473510742
48158;78,4310684204102
48192;80,3528137207031
48225;82,5528869628906
48258;84,9827194213867
48292;87,5848388671875
48325;90,2934951782227
48358;93,0374908447266
48392;95,7497024536133
48425;98,3732376098633
48459;100,858818054199
48492;103,161811828613
48525;105,243225097656
48558;107,071907043457
48592;108,624481201172
48625;109,882347106934
48658;110,830116271973
48692;111,456565856934
48725;111,754661560059
48758;111,721221923828
48792;111,357414245605
48825;110,669296264648
48858;109,668731689453
48892;108,37279510498
48925;106,799789428711
48958;104,967735290527
48992;102,898826599121
49025;100,622680664063
49058;98,1770248413086
49092;95,607795715332
49125;92,9655838012695
49158;90,3037414550781
49192;87,682991027832
49225;85,1692047119141
49258;82,8221130371094
49292;80,6906280517578
49325;78,81494140625
49358;77,2275161743164
49392;75,9551544189453
49425;75,0226211547852
49458;74,4530334472656
49491;74,2634201049805
49525;74,4578018188477
49558;75,0274047851563
49591;75,9588851928711
49625;77,2384033203125
49658;78,8486633300781
49691;80,7656173706055
49725;82,9539031982422
49758;85,3639678955078
49791;87,9367980957031
49825;90,6089706420898
49858;93,3142318725586
49891;95,9875564575195
49925;98,568977355957
49958;101,005668640137
49991;103,255012512207
50025;105,283935546875
50058;107,062576293945
50091;108,562454223633
50125;109,761489868164
50158;110,646591186523
50191;111,211524963379
50224;111,454872131348
50258;111,379585266113
50291;110,991554260254
50324;110,296363830566
50358;109,299407958984
50391;108,009315490723
50424;106,439430236816
50458;104,609184265137
50491;102,54744720459
50525;100,291046142578
50558;97,8791809082031
50591;95,3521728515625
50624;92,7547988891602
50658;90,1388778686523
50691;87,5653457641602
50724;85,1010665893555
50758;82,8077163696289
50791;80,7344818115234
50824;78,9190673828125
50858;77,3921890258789
50891;76,183479309082
50924;75,3204879760742
50958;74,8200759887695
50991;74,6873245239258
51024;74,9231185913086
51057;75,5247039794922
51091;76,4813690185547
51124;77,7767486572266
51158;79,3921279907227
51191;81,302116394043
51224;83,4701843261719
51257;85,8495330810547
51291;88,3840713500977
51324;91,0091094970703
51357;93,6572418212891
51391;96,2666091918945
51424;98,7824249267578
51458;101,153686523438
51491;103,336608886719
51524;105,298393249512
51558;107,010734558105
51591;108,445510864258
51624;109,582382202148
51657;110,413536071777
51691;110,936584472656
51724;111,148582458496
51757;111,047286987305
51791;110,632225036621
51824;109,905342102051
51857;108,874114990234
51891;107,554382324219
51924;105,967834472656
51957;104,137664794922
51991;102,088371276855
52024;99,849250793457
52057;97,4577941894531
52090;94,9598388671875
52124;92,4065399169922
52157;89,850700378418
52191;87,3451843261719
52224;84,9450302124023
52257;82,7086029052734
52291;80,69140625
52324;78,9374923706055
52357;77,4774475097656
52391;76,3324966430664
52424;75,5200119018555
52457;75,0572128295898
52491;74,9598541259766
52524;75,235107421875
52557;75,8754425048828
52590;76,862663269043
52624;78,1781616210938
52657;79,8048553466797
52690;81,719108581543
52724;83,8847122192383
52757;86,2540054321289
52790;88,7698135375977
52824;91,3656539916992
52857;93,9713363647461
52890;96,5238952636719
52924;98,9728622436523
52957;101,275268554688
52990;103,391090393066
53023;105,285263061523
53057;106,930519104004
53090;108,306526184082
53124;109,398056030273
53157;110,192558288574
53190;110,679641723633
53224;110,853324890137
53257;110,71312713623
53290;110,262596130371
53324;109,507751464844
53357;108,457740783691
53390;107,12670135498
53424;105,534233093262
53457;103,704574584961
53490;101,665321350098
53523;99,4464950561523
53557;97,082763671875
53590;94,6167526245117
53624;92,0996551513672
53657;89,588005065918
53690;87,1386871337891
53723;84,8051681518555
53757;82,637580871582
53790;80,6850891113281
53823;78,9941177368164
53857;77,6007537841797
53890;76,5273590087891
53923;75,7877426147461
53957;75,3922576904297
53990;75,3479995727539
54023;75,6572036743164
54057;76,3160858154297
54090;77,3167266845703
54123;78,649284362793
54157;80,2962493896484
54190;82,2244720458984
54223;84,3870315551758
54256;86,7308883666992
54290;89,2010955810547
54323;91,7401123046875
54356;94,2876663208008
54390;96,7853393554688
54423;99,1814346313477
54456;101,430931091309
54490;103,492607116699
54523;105,328521728516
54557;106,908241271973
54590;108,213066101074
54623;109,23348236084
54656;109,961624145508
54690;110,388885498047
54723;110,510040283203
54756;110,326614379883
54790;109,844825744629
54823;109,071685791016
54856;108,013595581055
54890;106,678863525391
54923;105,080955505371
54956;103,241424560547
54990;101,192222595215
55023;98,97412109375
55056;96,6307525634766
55090;94,2056884765625
55123;91,7440719604492
55156;89,294303894043
55190;86,907470703125
55223;84,6360015869141
55256;82,5327911376953
55289;80,6469345092773
55323;79,0174713134766
55356;77,6743545532227
55389;76,6442565917969
55423;75,950080871582
55456;75,6063385009766
55489;75,6180725097656
55523;75,9806060791016
55556;76,6821823120117
55589;77,7119522094727
55623;79,0621032714844
55656;80,718132019043
55689;82,6486663818359
55723;84,8053741455078
55756;87,1304702758789
55789;89,5662384033203
55823;92,0602264404297
55856;94,5612640380859
55889;97,0121612548828
55923;99,3534088134766
55956;101,535820007324
55989;103,523979187012
56023;105,28874206543
56056;106,805404663086
56089;108,057197570801
56122;109,031440734863
56156;109,71573638916
56189;110,102325439453
56223;110,189552307129
56256;109,97639465332
56289;109,462455749512
56322;108,654304504395
56356;107,565116882324
56389;106,208686828613
56422;104,601959228516
56456;102,772888183594
56489;100,756698608398
56522;98,5854721069336
56556;96,2898178100586
56589;93,9073944091797
56622;91,4846115112305
56656;89,0739517211914
56689;86,7311325073242
56722;84,5113906860352
56756;82,4657974243164
56789;80,6395263671875
56822;79,0717544555664
56856;77,7947463989258
56889;76,832649230957
56922;76,201774597168
56956;75,9119262695313
56989;75,9666366577148
57022;76,3637847900391
57056;77,0979995727539
57089;78,1606292724609
57122;79,5356979370117
57156;81,1992797851563
57189;83,1223068237305
57222;85,2671432495117
57256;87,5814361572266
57289;90,0018692016602
57322;92,463737487793
57356;94,9076614379883
57389;97,2843551635742
57422;99,5536956787109
57456;101,676330566406
57489;103,610931396484
57522;105,322280883789
57556;106,787109375
57589;107,989334106445
57622;108,913246154785
57655;109,545883178711
57689;109,881858825684
57722;109,921508789063
57756;109,666633605957
57789;109,120216369629
57822;108,288108825684
57855;107,179962158203
57889;105,810401916504
57922;104,201347351074
57955;102,381820678711
57989;100,382583618164
58022;98,2323303222656
58055;95,9621276855469
58089;93,6116409301758
58122;91,2294464111328
58155;88,8693466186523
58188;86,5874862670898
58222;84,4372482299805
58255;82,4635543823242
58288;80,7041091918945
58322;79,1942901611328
58355;77,9677047729492
58388;77,0519943237305
58422;76,4652709960938
58455;76,2172775268555
58489;76,3115386962891
58522;76,7456893920898
58555;77,5129623413086
58588;78,602897644043
58622;79,998908996582
58655;81,676399230957
58688;83,6034927368164
58722;85,73828125
58755;88,0254516601563
58788;90,4040756225586
58822;92,8182373046875
58855;95,2159957885742
58888;97,5457458496094
58921;99,7602920532227
58955;101,820541381836
58988;103,694053649902
59022;105,35139465332
59055;106,764038085938
59088;107,90869140625
59122;108,773124694824
59155;109,354843139648
59188;109,652442932129
59222;109,660163879395
59255;109,373229980469
59288;108,795471191406
59321;107,937637329102
59355;106,812713623047
59388;105,437004089355
59421;103,831413269043
59455;102,01978302002
59488;100,028778076172
59521;97,8898315429688
59555;95,640754699707
59588;93,3249816894531
59621;90,9889831542969
59655;88,6820907592773
59688;86,4562911987305
59721;84,3622589111328
59755;82,4460830688477
59788;80,7500457763672
59821;79,3132171630859
59855;78,1659927368164
59888;77,3257141113281
59921;76,8014297485352
59955;76,6002197265625
59988;76,7274703979492
60021;77,1840438842773
60054;77,966423034668
60088;79,0689239501953
60121;80,4803237915039
60154;82,1758728027344
60188;84,1135635375977
60221;86,2396774291992
60254;88,4979476928711
60288;90,8339309692383
60321;93,1957550048828
60354;95,5345153808594
60388;97,8030700683594
60421;99,9558792114258
60454;101,951499938965
60488;103,754234313965
60521;105,33487701416
60554;106,671310424805
60588;107,748817443848
60621;108,55965423584
60654;109,098007202148
60688;109,354621887207
60721;109,321975708008
60754;109,001640319824
60788;108,401176452637
60821;107,528526306152
60854;106,392868041992
60888;105,007781982422
60921;103,393035888672
60954;101,575859069824
60988;99,5898590087891
61021;97,4714279174805
61054;95,2576904296875
61088;92,9861679077148
61121;90,6976470947266
61154;88,4390869140625
61188;86,2620162963867
61221;84,2189407348633
61254;82,3594970703125
61288;80,7251129150391
61321;79,3479614257813
61354;78,2538757324219
61387;77,46240234375
61421;76,9865264892578
61454;76,8350830078125
61487;77,0130081176758
61521;77,5198364257813
61554;78,3491363525391
61587;79,4878616333008
61621;80,9165878295898
61654;82,6083755493164
61687;84,5266418457031
61721;86,6250610351563
61754;88,8505935668945
61787;91,1495666503906
61821;93,4728927612305
61854;95,7732543945313
61887;98,0008010864258
61920;100,107856750488
61954;102,054153442383
61987;103,805191040039
62021;105,332916259766
62054;106,6181640625
62087;107,648826599121
62120;108,415786743164
62154;108,909996032715
62187;109,123519897461
62220;109,054237365723
62254;108,705894470215
62287;108,082656860352
62320;107,188735961914
62354;106,033966064453
62387;104,636260986328
62420;103,018951416016
62454;101,208511352539
62487;99,2350234985352
62520;97,1321029663086
62554;94,936882019043
62587;92,6913528442383
62620;90,4417953491211
62654;88,2359848022461
62687;86,1207809448242
62720;84,1419448852539
62754;82,3423156738281
62787;80,7588348388672
62820;79,424201965332
62854;78,3689270019531
62887;77,6177215576172
62920;77,1861190795898
62954;77,0818481445313
62987;77,3075408935547
63020;77,8613891601563
63054;78,7353439331055
63087;79,9120635986328
63120;81,365119934082
63153;83,0643920898438
63187;84,9782409667969
63220;87,0667419433594
63253;89,2786560058594
63287;91,5590515136719
63320;93,8548126220703
63354;96,1141586303711
63387;98,2879943847656
63420;100,333015441895
63453;102,213340759277
63487;103,900215148926
63520;105,369468688965
63553;106,599540710449
63587;107,572769165039
63620;108,278182983398
63653;108,710800170898
63687;108,86799621582
63720;108,74925994873
63753;108,35767364502
63787;107,6982421875
63820;106,777221679688
63853;105,605155944824
63887;104,198379516602
63920;102,577140808105
63953;100,76594543457
63987;98,7968597412109
64020;96,7079772949219
64053;94,5392608642578
64086;92,3322830200195
64120;90,1308670043945
64153;87,9794616699219
64187;85,9228134155273
64220;84,0053253173828
64253;82,2687530517578
64286;80,7508163452148
64320;79,4849014282227
64353;78,4993362426758
64386;77,8147430419922
64420;77,4430847167969
64453;77,39111328125
64486;77,6617126464844
64520;78,2510223388672
64553;79,1486740112305
64586;80,3392562866211
64620;81,8000259399414
64653;83,5010833740234
64686;85,4087448120117
64720;87,4821548461914
64753;89,66845703125
64786;91,9095611572266
64820;94,1539154052734
64853;96,3573303222656
64886;98,4777908325195
64920;100,474060058594
64953;102,3076171875
64986;103,94603729248
65019;105,36572265625
65053;106,54874420166
65086;107,47794342041
65119;108,139793395996
65153;108,529205322266
65186;108,647018432617
65219;108,493751525879
65253;108,068397521973
65286;107,37419128418
65319;106,422973632813
65353;105,232406616211
65386;103,820541381836
65419;102,205032348633
65453;100,407554626465
65486;98,4570159912109
65519;96,3884963989258
65553;94,2414627075195
65586;92,0587921142578
65619;89,885368347168
65653;87,767204284668
65686;85,751708984375
65719;83,8856887817383
65753;82,2106399536133
65786;80,760986328125
65819;79,5664215087891
65852;78,6522903442383
65886;78,0360946655273
65919;77,7254943847656
65953;77,7228088378906
65986;78,0297927856445
66019;78,6460037231445
66053;79,5644149780273
66086;80,7691421508789
66119;82,2359161376953
66152;83,9357757568359
66186;85,8374404907227
66219;87,9021453857422
66252;90,0775451660156
66286;92,3017044067383
66319;94,5155258178711
66352;96,6723709106445
66386;98,7358932495117
66419;100,671516418457
66452;102,443809509277
66486;104,019981384277
66519;105,373832702637
66552;106,487190246582
66586;107,348999023438
66619;107,953536987305
66652;108,297569274902
66686;108,377075195313
66719;108,18782043457
66752;107,729499816895
66786;107,008415222168
66819;106,036720275879
66852;104,829803466797
66886;103,404914855957
66919;101,783187866211
66952;99,9905853271484
66985;98,0566864013672
67019;96,0150527954102
67052;93,9022369384766
67086;91,7563629150391
67119;89,6210098266602
67152;87,5472259521484
67185;85,5867462158203
67219;83,7839431762695
67252;82,1737518310547
67285;80,7856674194336
67319;79,6485900878906
67352;78,7893829345703
67385;78,2279739379883
67419;77,9745407104492
67452;78,0303192138672
67485;78,3919219970703
67519;79,0541076660156
67552;80,0075759887695
67585;81,2364654541016
67619;82,7188110351563
67652;84,4266815185547
67685;86,3248291015625
67719;88,3697204589844
67752;90,5094451904297
67785;92,6870498657227
67818;94,8488159179688
67852;96,9498138427734
67885;98,9518585205078
67918;100,820022583008
67952;102,523086547852
67985;104,035308837891
68019;105,335922241211
68052;106,406379699707
68085;107,229423522949
68118;107,791763305664
68152;108,087524414063
68185;108,117683410645
68218;107,884727478027
68252;107,389701843262
68285;106,63745880127
68318;105,64134979248
68352;104,418663024902
68385;102,985969543457
68418;101,36262512207
68452;99,5742950439453
68485;97,6514358520508
68518;95,6275787353516
68551;93,5401000976563
68585;91,4313125610352
68618;89,3469161987305
68652;87,3313903808594
68685;85,4265747070313
68718;83,6743240356445
68752;82,1157302856445
68785;80,785758972168
68818;79,7099304199219
68852;78,9076385498047
68885;78,3972854614258
68918;78,1939163208008
68952;78,3028564453125
68985;78,7179489135742
69018;79,4253921508789
69051;80,4089660644531
69085;81,6530151367188
69118;83,1405487060547
69151;84,8472290039063
69185;86,7368011474609
69218;88,762580871582
69251;90,8724060058594
69285;93,0134353637695
69318;95,1368865966797
69351;97,1999435424805
69385;99,1623382568359
69418;100,984344482422
69451;102,630828857422
69485;104,076377868652
69518;105,304718017578
69551;106,30249786377
69585;107,056495666504
69618;107,556327819824
69651;107,796928405762
69684;107,777854919434
69718;107,50227355957
69751;106,97615814209
69784;106,207641601563
69818;105,205444335938
69851;103,979095458984
69884;102,54345703125
69918;100,92219543457
69951;99,144905090332
69984;97,2415161132813
70018;95,2429046630859
70051;93,1856536865234
70084;91,1123657226563
70118;89,0690231323242
70151;87,1035614013672
70184;85,2614593505859
70218;83,5810928344727
70251;82,0943374633789
70284;80,8295288085938
70318;79,8124160766602
70351;79,0661163330078
70384;78,6088714599609
70417;78,4509963989258
70451;78,5955352783203
70484;79,0407180786133
70518;79,7788772583008
70551;80,7961273193359
70584;82,0749282836914
70617;83,592643737793
70651;85,3160552978516
70684;87,2020492553711
70717;89,2052154541016
70751;91,2809524536133
70784;93,3829345703125
70818;95,4640350341797
70851;97,4794158935547
70884;99,38720703125
70917;101,151824951172
70951;102,74658203125
70984;104,149978637695
71017;105,341125488281
71051;106,300018310547
71084;107,011657714844
71117;107,469230651855
71151;107,672546386719
71184;107,623802185059
71217;107,323219299316
71251;106,769058227539
71284;105,965019226074
71317;104,92456817627
71351;103,666313171387
71384;102,209747314453
71417;100,576820373535
71451;98,7936248779297
71484;96,8898544311523
71517;94,900276184082
71551;92,8664703369141
71584;90,8324890136719
71617;88,8381805419922
71651;86,9201965332031
71684;85,1178359985352
71717;83,473030090332
71751;82,0246658325195
71784;80,8040008544922
71817;79,8355102539063
71850;79,1407852172852
71884;78,73681640625
71917;78,6314163208008
71950;78,8244705200195
71984;79,310302734375
72017;80,0786819458008
72050;81,1166458129883
72084;82,4087677001953
72117;83,9344329833984
72150;85,6627960205078
72184;87,5509033203125
72217;89,5500106811523
72250;91,6110305786133
72284;93,6848068237305
72317;95,7234725952148
72350;97,685302734375
72384;99,5371704101563
72417;101,250526428223
72450;102,796485900879
72484;104,147895812988
72517;105,284278869629
72550;106,192153930664
72583;106,861785888672
72617;107,283447265625
72650;107,449523925781
72683;107,360137939453
72717;107,020957946777
72750;106,437660217285
72783;105,615776062012
72817;104,563209533691
72850;103,293434143066
72883;101,827270507813
72917;100,191436767578
72950;98,4168243408203
72984;96,5360870361328
73017;94,581413269043
73050;92,5861358642578
73083;90,588737487793
73117;88,6328735351563
73150;86,7625579833984
73183;85,018913269043
73217;83,4398422241211
73250;82,0606842041016
73283;80,9126510620117
73317;80,0188140869141
73350;79,3941116333008
73383;79,0493011474609
73417;78,9910354614258
73450;79,220817565918
73483;79,7366638183594
73517;80,5329208374023
73550;81,5989456176758
73583;82,917121887207
73617;84,4599151611328
73650;86,1908264160156
73683;88,0677795410156
73717;90,0437469482422
73750;92,0686416625977
73783;94,0954666137695
73816;96,0860214233398
73850;98,0078735351563
73883;99,8260955810547
73917;101,502090454102
73950;103,000129699707
73983;104,292236328125
74016;105,360176086426
74050;106,194862365723
74083;106,792182922363
74116;107,150588989258
74150;107,269790649414
74183;107,146675109863
74216;106,775802612305
74250;106,157196044922
74283;105,300369262695
74316;104,221534729004
74350;102,93985748291
74383;101,476455688477
74416;99,8546905517578
74450;98,1000366210938
74483;96,2402648925781
74516;94,3060760498047
74549;92,3318939208984
74583;90,3589477539063
74616;88,4363021850586
74649;86,6124114990234
74683;84,9258651733398
74716;83,4065017700195
74750;82,0830459594727
74783;80,9866714477539
74816;80,1444091796875
74849;79,5725021362305
74883;79,2792358398438
74916;79,2694320678711
74949;79,54443359375
74983;80,1010208129883
75016;80,9309692382813
75049;82,0209579467773
75083;83,3517761230469
75116;84,8964462280273
75149;86,620361328125
75183;88,4822616577148
75216;90,4344253540039
75249;92,4265213012695
75283;94,4124221801758
75316;96,3540802001953
75349;98,2195892333984
75383;99,9777526855469
75416;101,595367431641
75449;103,039535522461
75483;104,283332824707
75516;105,308967590332
75549;106,106018066406
75583;106,668022155762
75616;106,989868164063
75649;107,066230773926
75683;106,893028259277
75716;106,471458435059
75749;105,809928894043
75782;104,921783447266
75816;103,823219299316
75849;102,533111572266
75882;101,070991516113
75916;99,4552307128906
75949;97,7069091796875
75982;95,8541717529297
76016;93,9334945678711
76049;91,9888381958008
76082;90,0650253295898
76116;88,2003479003906
76149;86,4299163818359
76182;84,7927780151367
76216;83,3278121948242
76249;82,0659408569336
76282;81,0314025878906
76316;80,2458877563477
76349;79,7268676757813
76382;79,484977722168
76416;79,5243911743164
76449;79,8428268432617
76482;80,4335250854492
76516;81,2875366210938
76549;82,3919448852539
76582;83,7284927368164
76616;85,2743148803711
76649;86,9971237182617
76682;88,8498840332031
76715;90,7777786254883
76749;92,7329254150391
76782;94,6800231933594
76815;96,5879058837891
76849;98,4189147949219
76882;100,130592346191
76915;101,687309265137
76949;103,065689086914
76982;104,2490234375
77015;105,221321105957
77049;105,968536376953
77082;106,481414794922
77115;106,753974914551
77149;106,783279418945
77182;106,571441650391
77215;106,123428344727
77249;105,444160461426
77282;104,541206359863
77315;103,429168701172
77349;102,127487182617
77382;100,656074523926
77415;99,0358276367188
77449;97,2916259765625
77482;95,4551162719727
77515;93,5647888183594
77549;91,6611938476563
77582;89,7829284667969
77615;87,9672393798828
77648;86,2505569458008
77682;84,6681594848633
77715;83,2547225952148
77748;82,043571472168
77782;81,0636596679688
77815;80,3364334106445
77848;79,8750762939453
77882;79,6883316040039
77915;79,7828216552734
77948;80,1584167480469
77982;80,8049087524414
78015;81,705810546875
78048;82,8449478149414
78082;84,2076797485352
78115;85,7713775634766
78148;87,4962615966797
78181;89,3322296142578
78215;91,232307434082
78248;93,1560592651367
78282;95,0665283203125
78315;96,9278182983398
78348;98,7035293579102
78381;100,358337402344
78415;101,862968444824
78448;103,19457244873
78481;104,332733154297
78515;105,257797241211
78548;105,953010559082
78581;106,40894317627
78615;106,62557220459
78648;106,607292175293
78681;106,356689453125
78715;105,874420166016
78748;105,163162231445
78781;104,231140136719
78815;103,093284606934
78848;101,769546508789
78881;100,283340454102
78915;98,660774230957
78948;96,9289321899414
78981;95,1162567138672
79015;93,2539825439453
79048;91,3771057128906
79081;89,5241470336914
79115;87,7344360351563
79148;86,0481338500977
79181;84,5066757202148
79215;83,1471786499023
79248;81,9976501464844
79281;81,0788040161133
79315;80,4067611694336
79348;79,9949569702148
79381;79,8550720214844
79415;79,9941253662109
79448;80,4100799560547
79481;81,0910720825195
79514;82,0196380615234
79548;83,1784973144531
79581;84,5509872436523
79614;86,1145172119141
79648;87,8344650268555
79681;89,6660842895508
79714;91,5618591308594
79748;93,4748458862305
79781;95,3602828979492
79815;97,1806640625
79848;98,9075317382813
79881;100,515609741211
79914;101,977920532227
79948;103,266220092773
79981;104,354835510254
80014;105,226356506348
80048;105,8720703125
80081;106,286781311035
80114;106,466491699219
80148;106,410621643066
80181;106,121627807617
80214;105,603401184082
80248;104,86222076416
80281;103,907981872559
80314;102,754699707031
80348;101,421516418457
80381;99,932373046875
80414;98,3137664794922
80448;96,5927810668945
80481;94,7975921630859
80514;92,9596176147461
80548;91,1138076782227
80581;89,2978973388672
80614;87,5533065795898
80647;85,9225769042969
80681;84,4424209594727
80714;83,1417465209961
80748;82,0461273193359
80781;81,1793594360352
80814;80,5600433349609
80848;80,2007522583008
80881;80,1085815429688
80914;80,2857437133789
80947;80,73193359375
80981;81,4428482055664
81014;82,4046249389648
81047;83,5945434570313
81081;84,9879760742188
81114;86,5593948364258
81147;88,2748641967773
81181;90,0895233154297
81214;91,9553604125977
81247;93,8290939331055
81281;95,6743469238281
81314;97,4583129882813
81347;99,1471862792969
81381;100,707260131836
81414;102,110023498535
81447;103,332878112793
81480;104,357452392578
81514;105,170913696289
81547;105,76628112793
81580;106,139015197754
81614;106,283416748047
81647;106,192749023438
81680;105,865173339844
81714;105,309020996094
81747;104,539176940918
81780;103,569107055664
81814;102,409645080566
81847;101,074752807617
81880;99,5850143432617
81914;97,966911315918
81947;96,2513961791992
81980;94,4721221923828
82014;92,662971496582
82047;90,8571472167969
82080;89,0881881713867
82114;87,3912124633789
82147;85,8041229248047
82180;84,3669815063477
82214;83,1166305541992
82247;82,0816040039063
82280;81,2813873291016
82314;80,7277755737305
82347;80,428840637207
82380;80,3920822143555
82414;80,6220092773438
82447;81,1155624389648
82480;81,8605194091797
82513;82,8388595581055
82547;84,0333557128906
82580;85,4268798828125
82614;86,994026184082
82647;88,697021484375
82680;90,4910125732422
82713;92,3303527832031
82747;94,1714019775391
82780;95,9753875732422
82813;97,7098999023438
82847;99,3464813232422
82880;100,856895446777
82913;102,211891174316
82947;103,38436126709
82980;104,353645324707
83013;105,106994628906
83047;105,638580322266
83080;105,946769714355
83113;106,030181884766
83147;105,887306213379
83180;105,519515991211
83213;104,931137084961
83247;104,128791809082
83280;103,125831604004
83313;101,943298339844
83346;100,602630615234
83380;99,1212692260742
83413;97,5179061889648
83446;95,8189086914063
83480;94,0576248168945
83513;92,2689971923828
83546;90,4885864257813
83580;88,7544479370117
83613;87,1040420532227
83646;85,5708923339844
83680;84,188102722168
83713;82,9903945922852
83746;82,0088043212891
83780;81,2650451660156
83813;80,7710647583008
83846;80,5320816040039
83880;80,5497894287109
83913;80,8229522705078
83946;81,3467254638672
83980;82,114875793457
84013;83,1194915771484
84046;84,3434677124023
84080;85,7573928833008
84113;87,3260345458984
84146;89,0129470825195
84180;90,7789916992188
84213;92,583854675293
84246;94,3909378051758
84279;96,1664581298828
84313;97,8736801147461
84346;99,4725646972656
84380;100,926696777344
84413;102,210296630859
84446;103,310592651367
84480;104,221839904785
84513;104,934280395508
84546;105,432395935059
84579;105,704216003418
84613;105,747009277344
84646;105,56477355957
84679;105,164543151855
84713;104,554107666016
84746;103,742248535156
84779;102,739593505859
84813;101,559226989746
84846;100,21883392334
84879;98,7408447265625
84913;97,1495132446289
84946;95,4712905883789
84979;93,7372436523438
85013;91,982063293457
85046;90,241340637207
85079;88,5513229370117
85113;86,9492645263672
85146;85,4711456298828
85179;84,1501083374023
85212;83,0160140991211
85246;82,0932693481445
85279;81,3994293212891
85312;80,9485397338867
85346;80,7527770996094
85379;80,8173141479492
85412;81,1387939453125
85446;81,7101593017578
85479;82,521369934082
85512;83,5574645996094
85546;84,7979736328125
85579;86,2165756225586
85613;87,782096862793
85646;89,4586181640625
85679;91,2046585083008
85712;92,9782028198242
85746;94,7431716918945
85779;96,4682159423828
85812;98,1211318969727
85846;99,6677398681641
85879;101,076438903809
85912;102,323104858398
85945;103,391021728516
85979;104,266593933105
86012;104,937080383301
86046;105,391647338867
86079;105,623222351074
86112;105,629325866699
86146;105,411987304688
86179;104,97779083252
86212;104,336441040039
86246;103,496879577637
86279;102,466751098633
86312;101,25749206543
86346;99,888671875
86379;98,3882141113281
86412;96,7874908447266
86445;95,1156539916992
86479;93,4006195068359
86512;91,6729583740234
86545;89,9659729003906
86579;88,3141174316406
86612;86,7527770996094
86645;85,318489074707
86679;84,0472946166992
86712;82,969856262207
86745;82,1081161499023
86779;81,4761276245117
86812;81,0816802978516
86845;80,9287567138672
86879;81,0215301513672
86912;81,3653030395508
86945;81,962028503418
86979;82,8034820556641
87012;83,8686676025391
87045;85,1301956176758
87079;86,5606307983398
87112;88,1286392211914
87145;89,7962341308594
87179;91,5247650146484
87212;93,2771911621094
87245;95,0155410766602
87279;96,7051696777344
87312;98,318000793457
87345;99,826286315918
87378;101,198852539063
87412;102,406288146973
87445;103,426483154297
87478;104,245658874512
87512;104,856376647949
87545;105,254943847656
87578;105,439567565918
87612;105,408622741699
87645;105,161346435547
87679;104,700294494629
87712;104,031402587891
87745;103,164573669434
87778;102,116180419922
87812;100,906700134277
87845;99,5552215576172
87878;98,0802001953125
87912;96,5033416748047
87945;94,8506393432617
87978;93,1529159545898
88012;91,4462203979492
88045;89,7699813842773
88078;88,1618270874023
88112;86,6525497436523
88145;85,2693099975586
88178;84,0425262451172
88212;83,0042343139648
88245;82,1813125610352
88278;81,5914916992188
88311;81,2430801391602
88345;81,1403961181641
88378;81,2882614135742
88411;81,6871948242188
88445;82,3280258178711
88478;83,1951293945313
88511;84,2733459472656
88545;85,5473480224609
88578;86,9918594360352
88611;88,5676193237305
88645;90,2311782836914
88678;91,9438247680664
88711;93,6708068847656
88745;95,3786773681641
88778;97,0348358154297
88811;98,606575012207
88845;100,0625
88878;101,377059936523
88911;102,530166625977
88945;103,502822875977
88978;104,278114318848
89011;104,845932006836
89045;105,203063964844
89078;105,348098754883
89111;105,278388977051
89145;104,993202209473
89178;104,49681854248
89211;103,797073364258
89245;102,903617858887
89278;101,828941345215
89311;100,590675354004
89344;99,2117385864258
89378;97,7176208496094
89411;96,1341781616211
89445;94,4887313842773
89478;92,8120727539063
89511;91,1389541625977
89545;89,5045166015625
89578;87,9416427612305
89611;86,4826736450195
89644;85,1591949462891
89678;83,9990081787109
89711;83,0266418457031
89744;82,2649841308594
89778;81,731803894043
89811;81,4369735717773
89844;81,3854751586914
89878;81,5795211791992
89911;82,0165786743164
89944;82,6881484985352
89978;83,5808410644531
90011;84,6765213012695
90044;85,9524154663086
90078;87,3833847045898
90111;88,9419555664063
90144;90,5940628051758
90177;92,2972030639648
90211;94,0066833496094
90244;95,6842346191406
90277;97,2992248535156
90311;98,8236541748047
90344;100,231002807617
90377;101,498199462891
90411;102,604797363281
90444;103,53108215332
90477;104,258834838867
90511;104,775413513184
90544;105,077964782715
90577;105,171524047852
90611;105,061729431152
90644;104,749412536621
90677;104,232551574707
90711;103,513359069824
90744;102,602401733398
90777;101,516235351563
90811;100,273109436035
90844;98,8932037353516
90877;97,4021224975586
90911;95,8289413452148
90944;94,2012634277344
90977;92,5473937988281
91011;90,9015274047852
91044;89,3007354736328
91077;87,7772216796875
91111;86,3586502075195
91144;85,0740432739258
91177;83,9541549682617
91211;83,0275573730469
91244;82,3161010742188
91277;81,8327484130859
91310;81,5849075317383
91344;81,5780563354492
91377;81,8143615722656
91410;82,2916412353516
91444;83,0029830932617
91477;83,9335021972656
91510;85,0607757568359
91544;86,3592300415039
91577;87,8011703491211
91610;89,3557739257813
91644;90,9877319335938
91677;92,6589508056641
91710;94,3336563110352
91744;95,9792861938477
91777;97,5629501342773
91810;99,0524139404297
91844;100,420074462891
91877;101,642295837402
91910;102,697372436523
91944;103,567794799805
91977;104,242584228516
92010;104,716934204102
92044;104,98966217041
92077;105,057792663574
92111;104,915435791016
92144;104,559951782227
92177;103,995666503906
92210;103,232711791992
92244;102,285545349121
92277;101,172073364258
92310;99,9129257202148
92343;98,5306777954102
92377;97,0485992431641
92410;95,4906311035156
92443;93,8837356567383
92477;92,2583618164063
92510;90,6460723876953
92543;89,0797271728516
92577;87,5944976806641
92610;86,2231063842773
92643;84,9921264648438
92677;83,9265747070313
92710;83,0524063110352
92743;82,3908767700195
92777;81,9558029174805
92810;81,7560119628906
92843;81,7957992553711
92877;82,0742416381836
92910;82,5864791870117
92943;83,3235092163086
92977;84,2720642089844
93010;85,4151382446289
93043;86,7283554077148
93076;88,1775588989258
93110;89,7246627807617
93143;91,3344192504883
93177;92,9744415283203
93210;94,6130523681641
93243;96,2181701660156
93276;97,7559967041016
93310;99,19287109375
93343;100,501098632813
93376;101,660911560059
93410;102,657104492188
93443;103,476097106934
93476;104,105796813965
93510;104,536308288574
93543;104,761512756348
93576;104,77946472168
93610;104,591415405273
93643;104,202239990234
93676;103,618919372559
93710;102,847175598145
93743;101,894485473633
93776;100,775932312012
93810;99,5136260986328
93843;98,132438659668
93876;96,6579513549805
93910;95,1157913208008
93943;93,5317840576172
93976;91,9341430664063
94010;90,3543090820313
94043;88,8251037597656
94076;87,3791275024414
94109;86,0487518310547
94143;84,8645782470703
94176;83,8538131713867
94209;83,039794921875
94243;82,4403457641602
94276;82,0658187866211
94309;81,9213638305664
94343;82,0107116699219
94376;82,3359756469727
94409;82,8945693969727
94443;83,6746063232422
94476;84,6540451049805
94509;85,8084716796875
94543;87,1170959472656
94576;88,5578536987305
94609;90,1007232666016
94643;91,7075729370117
94676;93,3347396850586
94709;94,9375762939453
94743;96,479850769043
94776;97,9406890869141
94809;99,3180923461914
94843;100,637817382813
